[{"family":"MaterialIcons","fonts":[{"asset":"fonts/MaterialIcons-Regular.otf"}]},{"family":"packages/material_symbols_icons/MaterialSymbolsOutlined","fonts":[{"asset":"packages/material_symbols_icons/lib/fonts/MaterialSymbolsOutlined.ttf"}]},{"family":"packages/material_symbols_icons/MaterialSymbolsRounded","fonts":[{"asset":"packages/material_symbols_icons/lib/fonts/MaterialSymbolsRounded.ttf"}]},{"family":"packages/material_symbols_icons/MaterialSymbolsSharp","fonts":[{"asset":"packages/material_symbols_icons/lib/fonts/MaterialSymbolsSharp.ttf"}]}]